{
    "name": "Cookie Manager",
    "description": "An efficient cookie manager. View, edit, delete and search for cookies. Designed for privacy aware users. Automatically opens the Cookie Manager upon extension startup (this can be configured via the UI).",
    "version": "1.4",
    "manifest_version": 2,
    "permissions": [
        "activeTab",
        "contextualIdentities",
        "cookies",
        "storage",
        "webNavigation",
        "webRequest",
        "webRequestBlocking",
        "*://*/*"
    ],
    "options_ui": {
        "page": "cookie-manager.html",
        "open_in_tab": true
    },
    "background": {
        "scripts": ["background.js"]
    },
    "icons": {
        "48": "icons/48.png",
        "96": "icons/96.png"
    },
    "browser_action": {
        "default_title": "Open Cookie Manager"
    },
    "page_action": {
        "default_icon": {
            "48": "icons/48.png",
            "96": "icons/96.png"
        }
    },
    "applications": {
        "gecko": {
            "id": "cookie-manager@robwu.nl"
        }
    }
}
